subreddit,link,subscribers,label
funny,https://www.reddit.com/r/funny,31060166,
gaming,https://www.reddit.com/r/gaming,26628444,
aww,https://www.reddit.com/r/aww,25197817,
pics,https://www.reddit.com/r/pics,24911449,
science,https://www.reddit.com/r/science,24268001,
worldnews,https://www.reddit.com/r/worldnews,24253881,
Music,https://www.reddit.com/r/Music,24041486,
videos,https://www.reddit.com/r/videos,23114010,
movies,https://www.reddit.com/r/movies,23087255,
todayilearned,https://www.reddit.com/r/todayilearned,23030716,
news,https://www.reddit.com/r/news,20935015,
Showerthoughts,https://www.reddit.com/r/Showerthoughts,20244617,
IAmA,https://www.reddit.com/r/IAmA,20169315,
gifs,https://www.reddit.com/r/gifs,20053188,
EarthPorn,https://www.reddit.com/r/EarthPorn,19963315,
askscience,https://www.reddit.com/r/askscience,19222916,
food,https://www.reddit.com/r/food,18869885,
explainlikeimfive,https://www.reddit.com/r/explainlikeimfive,18139518,
books,https://www.reddit.com/r/books,18078148,
LifeProTips,https://www.reddit.com/r/LifeProTips,17957462,
Art,https://www.reddit.com/r/Art,17826701,
DIY,https://www.reddit.com/r/DIY,17551698,
sports,https://www.reddit.com/r/sports,17292578,
nottheonion,https://www.reddit.com/r/nottheonion,17063313,
space,https://www.reddit.com/r/space,16937271,
gadgets,https://www.reddit.com/r/gadgets,16890685,
television,https://www.reddit.com/r/television,16595714,
Documentaries,https://www.reddit.com/r/Documentaries,16293009,
photoshopbattles,https://www.reddit.com/r/photoshopbattles,16220376,
GetMotivated,https://www.reddit.com/r/GetMotivated,16163114,
listentothis,https://www.reddit.com/r/listentothis,15940866,
UpliftingNews,https://www.reddit.com/r/UpliftingNews,15926382,
tifu,https://www.reddit.com/r/tifu,15777792,
InternetIsBeautiful,https://www.reddit.com/r/InternetIsBeautiful,15019126,
history,https://www.reddit.com/r/history,14885003,
philosophy,https://www.reddit.com/r/philosophy,14818794,
Futurology,https://www.reddit.com/r/Futurology,14675526,
OldSchoolCool,https://www.reddit.com/r/OldSchoolCool,14624312,
dataisbeautiful,https://www.reddit.com/r/dataisbeautiful,14612638,
WritingPrompts,https://www.reddit.com/r/WritingPrompts,14548123,
personalfinance,https://www.reddit.com/r/personalfinance,14176579,
nosleep,https://www.reddit.com/r/nosleep,14105082,
creepy,https://www.reddit.com/r/creepy,13629539,
TwoXChromosomes,https://www.reddit.com/r/TwoXChromosomes,12782590,
memes,https://www.reddit.com/r/memes,10670593,
technology,https://www.reddit.com/r/technology,9065541,
AdviceAnimals,https://www.reddit.com/r/AdviceAnimals,8706400,
wholesomememes,https://www.reddit.com/r/wholesomememes,7193688,
WTF,https://www.reddit.com/r/WTF,6224561,
politics,https://www.reddit.com/r/politics,6201779,
interestingasfuck,https://www.reddit.com/r/interestingasfuck,5807636,
BlackPeopleTwitter,https://www.reddit.com/r/BlackPeopleTwitter,4701171,
oddlysatisfying,https://www.reddit.com/r/oddlysatisfying,4536490,
travel,https://www.reddit.com/r/travel,4489082,
leagueoflegends,https://www.reddit.com/r/leagueoflegends,4184297,
facepalm,https://www.reddit.com/r/facepalm,4046462,
me_irl,https://www.reddit.com/r/me_irl,3951021,
lifehacks,https://www.reddit.com/r/lifehacks,3949845,
NatureIsFuckingLit,https://www.reddit.com/r/NatureIsFuckingLit,3790070,
pcmasterrace,https://www.reddit.com/r/pcmasterrace,3722335,
dankmemes,https://www.reddit.com/r/dankmemes,3710488,
Tinder,https://www.reddit.com/r/Tinder,3636726,
Whatcouldgowrong,https://www.reddit.com/r/Whatcouldgowrong,3569470,
Minecraft,https://www.reddit.com/r/Minecraft,3326863,
nba,https://www.reddit.com/r/nba,3310886,
PS4,https://www.reddit.com/r/PS4,3291344,
trippinthroughtime,https://www.reddit.com/r/trippinthroughtime,3276424,
AnimalsBeingBros,https://www.reddit.com/r/AnimalsBeingBros,3270653,
BikiniBottomTwitter,https://www.reddit.com/r/BikiniBottomTwitter,3266809,
relationship_advice,https://www.reddit.com/r/relationship_advice,3260641,
woahdude,https://www.reddit.com/r/woahdude,3183443,
tattoos,https://www.reddit.com/r/tattoos,3178403,
AnimalsBeingJerks,https://www.reddit.com/r/AnimalsBeingJerks,3155508,
reactiongifs,https://www.reddit.com/r/reactiongifs,3051311,
FoodPorn,https://www.reddit.com/r/FoodPorn,3022547,
Overwatch,https://www.reddit.com/r/Overwatch,2987260,
PewdiepieSubmissions,https://www.reddit.com/r/PewdiepieSubmissions,2891996,
Unexpected,https://www.reddit.com/r/Unexpected,2890776,
photography,https://www.reddit.com/r/photography,2875552,
boardgames,https://www.reddit.com/r/boardgames,2741247,
gardening,https://www.reddit.com/r/gardening,2708998,
instant_regret,https://www.reddit.com/r/instant_regret,2672031,
programming,https://www.reddit.com/r/programming,2658512,
atheism,https://www.reddit.com/r/atheism,2589847,
mildlyinfuriating,https://www.reddit.com/r/mildlyinfuriating,2584199,
pokemon,https://www.reddit.com/r/pokemon,2525408,
AnimalsBeingDerps,https://www.reddit.com/r/AnimalsBeingDerps,2475288,
gameofthrones,https://www.reddit.com/r/gameofthrones,2439374,
PublicFreakout,https://www.reddit.com/r/PublicFreakout,2419104,
WatchPeopleDieInside,https://www.reddit.com/r/WatchPeopleDieInside,2418881,
nextfuckinglevel,https://www.reddit.com/r/nextfuckinglevel,2416145,
europe,https://www.reddit.com/r/europe,2414526,
Damnthatsinteresting,https://www.reddit.com/r/Damnthatsinteresting,2407275,
ContagiousLaughter,https://www.reddit.com/r/ContagiousLaughter,2400266,
Games,https://www.reddit.com/r/Games,2364511,
buildapc,https://www.reddit.com/r/buildapc,2364411,
iphone,https://www.reddit.com/r/iphone,2362255,
malefashionadvice,https://www.reddit.com/r/malefashionadvice,2335834,
drawing,https://www.reddit.com/r/drawing,2326002,
humor,https://www.reddit.com/r/humor,2321992,
YouShouldKnow,https://www.reddit.com/r/YouShouldKnow,2280506,
loseit,https://www.reddit.com/r/loseit,2252497,
Android,https://www.reddit.com/r/Android,2240229,
BetterEveryLoop,https://www.reddit.com/r/BetterEveryLoop,2205040,
GifRecipes,https://www.reddit.com/r/GifRecipes,2187654,
CrappyDesign,https://www.reddit.com/r/CrappyDesign,2153003,
Coronavirus,https://www.reddit.com/r/Coronavirus,2130453,
Wellthatsucks,https://www.reddit.com/r/Wellthatsucks,2124252,
slowcooking,https://www.reddit.com/r/slowcooking,2079331,
NintendoSwitch,https://www.reddit.com/r/NintendoSwitch,2066947,
trashy,https://www.reddit.com/r/trashy,2066600,
soccer,https://www.reddit.com/r/soccer,2066434,
ChildrenFallingOver,https://www.reddit.com/r/ChildrenFallingOver,2063398,
xboxone,https://www.reddit.com/r/xboxone,2056451,
Eyebleach,https://www.reddit.com/r/Eyebleach,2056433,
woodworking,https://www.reddit.com/r/woodworking,2049598,
MakeupAddiction,https://www.reddit.com/r/MakeupAddiction,2033813,
EatCheapAndHealthy,https://www.reddit.com/r/EatCheapAndHealthy,2031671,
cats,https://www.reddit.com/r/cats,2025411,
MadeMeSmile,https://www.reddit.com/r/MadeMeSmile,2002688,
pcgaming,https://www.reddit.com/r/pcgaming,1977697,
teenagers,https://www.reddit.com/r/teenagers,1974526,
AskMen,https://www.reddit.com/r/AskMen,1959829,
HighQualityGifs,https://www.reddit.com/r/HighQualityGifs,1936032,
IdiotsInCars,https://www.reddit.com/r/IdiotsInCars,1923664,
RoastMe,https://www.reddit.com/r/RoastMe,1920486,
nfl,https://www.reddit.com/r/nfl,1917304,
hiphopheads,https://www.reddit.com/r/hiphopheads,1907471,
NetflixBestOf,https://www.reddit.com/r/NetflixBestOf,1899557,
ChoosingBeggars,https://www.reddit.com/r/ChoosingBeggars,1899337,
raspberry_pi,https://www.reddit.com/r/raspberry_pi,1883302,
nsfw,https://www.reddit.com/r/nsfw,1880887,
HumansBeingBros,https://www.reddit.com/r/HumansBeingBros,1879027,
Cooking,https://www.reddit.com/r/Cooking,1876449,
cars,https://www.reddit.com/r/cars,1871778,
HistoryPorn,https://www.reddit.com/r/HistoryPorn,1867123,
Roadcam,https://www.reddit.com/r/Roadcam,1864412,
BeAmazed,https://www.reddit.com/r/BeAmazed,1860799,
blackmagicfuckery,https://www.reddit.com/r/blackmagicfuckery,1860047,
keto,https://www.reddit.com/r/keto,1856947,
MurderedByWords,https://www.reddit.com/r/MurderedByWords,1849231,
streetwear,https://www.reddit.com/r/streetwear,1843807,
rickandmorty,https://www.reddit.com/r/rickandmorty,1832337,
DnD,https://www.reddit.com/r/DnD,1823715,
backpacking,https://www.reddit.com/r/backpacking,1814165,
insanepeoplefacebook,https://www.reddit.com/r/insanepeoplefacebook,1799342,
recipes,https://www.reddit.com/r/recipes,1799141,
Outdoors,https://www.reddit.com/r/Outdoors,1795665,
OutOfTheLoop,https://www.reddit.com/r/OutOfTheLoop,1778369,
frugalmalefashion,https://www.reddit.com/r/frugalmalefashion,1775750,
cursedcomments,https://www.reddit.com/r/cursedcomments,1767511,
biology,https://www.reddit.com/r/biology,1766116,
KidsAreFuckingStupid,https://www.reddit.com/r/KidsAreFuckingStupid,1749223,
NoStupidQuestions,https://www.reddit.com/r/NoStupidQuestions,1743401,
Awwducational,https://www.reddit.com/r/Awwducational,1721831,
therewasanattempt,https://www.reddit.com/r/therewasanattempt,1711958,
MovieDetails,https://www.reddit.com/r/MovieDetails,1711793,
coolguides,https://www.reddit.com/r/coolguides,1708380,
mac,https://www.reddit.com/r/mac,1704990,
WhitePeopleTwitter,https://www.reddit.com/r/WhitePeopleTwitter,1700328,
battlestations,https://www.reddit.com/r/battlestations,1690094,
nintendo,https://www.reddit.com/r/nintendo,1685766,
socialskills,https://www.reddit.com/r/socialskills,1685124,
horror,https://www.reddit.com/r/horror,1683404,
reallifedoodles,https://www.reddit.com/r/reallifedoodles,1680698,
dating_advice,https://www.reddit.com/r/dating_advice,1680482,
youseeingthisshit,https://www.reddit.com/r/youseeingthisshit,1678829,
scifi,https://www.reddit.com/r/scifi,1673302,
HistoryMemes,https://www.reddit.com/r/HistoryMemes,1634642,
electronicmusic,https://www.reddit.com/r/electronicmusic,1634002,
whatisthisthing,https://www.reddit.com/r/whatisthisthing,1612975,
anime,https://www.reddit.com/r/anime,1611512,
nevertellmetheodds,https://www.reddit.com/r/nevertellmetheodds,1604523,
wow,https://www.reddit.com/r/wow,1595207,
entertainment,https://www.reddit.com/r/entertainment,1591748,
sex,https://www.reddit.com/r/sex,1584000,
howto,https://www.reddit.com/r/howto,1576727,
trees,https://www.reddit.com/r/trees,1570460,
dogs,https://www.reddit.com/r/dogs,1562800,
MealPrepSunday,https://www.reddit.com/r/MealPrepSunday,1558145,
natureismetal,https://www.reddit.com/r/natureismetal,1548537,
DestinyTheGame,https://www.reddit.com/r/DestinyTheGame,1545243,
bodyweightfitness,https://www.reddit.com/r/bodyweightfitness,1535411,
blursedimages,https://www.reddit.com/r/blursedimages,1525970,
apple,https://www.reddit.com/r/apple,1521243,
hmmm,https://www.reddit.com/r/hmmm,1513214,
StarWars,https://www.reddit.com/r/StarWars,1511833,
madlads,https://www.reddit.com/r/madlads,1510859,
learnprogramming,https://www.reddit.com/r/learnprogramming,1496685,
Bitcoin,https://www.reddit.com/r/Bitcoin,1467395,
instantkarma,https://www.reddit.com/r/instantkarma,1458633,
PrequelMemes,https://www.reddit.com/r/PrequelMemes,1449854,
camping,https://www.reddit.com/r/camping,1443689,
zelda,https://www.reddit.com/r/zelda,1438776,
yesyesyesyesno,https://www.reddit.com/r/yesyesyesyesno,1431162,
DunderMifflin,https://www.reddit.com/r/DunderMifflin,1425965,
hearthstone,https://www.reddit.com/r/hearthstone,1425130,
quityourbullshit,https://www.reddit.com/r/quityourbullshit,1418305,
assholedesign,https://www.reddit.com/r/assholedesign,1415218,
JusticeServed,https://www.reddit.com/r/JusticeServed,1415105,
starterpacks,https://www.reddit.com/r/starterpacks,1414109,
comics,https://www.reddit.com/r/comics,1394257,
DeepIntoYouTube,https://www.reddit.com/r/DeepIntoYouTube,1392210,
shittyfoodporn,https://www.reddit.com/r/shittyfoodporn,1380823,
Design,https://www.reddit.com/r/Design,1379812,
educationalgifs,https://www.reddit.com/r/educationalgifs,1375799,
rareinsults,https://www.reddit.com/r/rareinsults,1374644,
foodhacks,https://www.reddit.com/r/foodhacks,1359117,
likeus,https://www.reddit.com/r/likeus,1358416,
iamverysmart,https://www.reddit.com/r/iamverysmart,1357604,
unpopularopinion,https://www.reddit.com/r/unpopularopinion,1354163,
femalefashionadvice,https://www.reddit.com/r/femalefashionadvice,1345029,
cursedimages,https://www.reddit.com/r/cursedimages,1332471,
Astronomy,https://www.reddit.com/r/Astronomy,1328665,
Sneakers,https://www.reddit.com/r/Sneakers,1327907,
MemeEconomy,https://www.reddit.com/r/MemeEconomy,1323016,
podcasts,https://www.reddit.com/r/podcasts,1313389,
wallpaper,https://www.reddit.com/r/wallpaper,1302192,
thewalkingdead,https://www.reddit.com/r/thewalkingdead,1287830,
FortNiteBR,https://www.reddit.com/r/FortNiteBR,1283713,
legaladvice,https://www.reddit.com/r/legaladvice,1283473,
wallstreetbets,https://www.reddit.com/r/wallstreetbets,1271982,
Frugal,https://www.reddit.com/r/Frugal,1269025,
PeopleFuckingDying,https://www.reddit.com/r/PeopleFuckingDying,1268994,
GamePhysics,https://www.reddit.com/r/GamePhysics,1267944,
CasualConversation,https://www.reddit.com/r/CasualConversation,1256211,
Physics,https://www.reddit.com/r/Physics,1250981,
AnimalCrossing,https://www.reddit.com/r/AnimalCrossing,1248124,
tipofmytongue,https://www.reddit.com/r/tipofmytongue,1247491,
indieheads,https://www.reddit.com/r/indieheads,1245998,
CollegeBasketball,https://www.reddit.com/r/CollegeBasketball,1245868,
urbanexploration,https://www.reddit.com/r/urbanexploration,1245051,
writing,https://www.reddit.com/r/writing,1242138,
conspiracy,https://www.reddit.com/r/conspiracy,1238402,
cringepics,https://www.reddit.com/r/cringepics,1233630,
baseball,https://www.reddit.com/r/baseball,1231126,
savedyouaclick,https://www.reddit.com/r/savedyouaclick,1230515,
comicbooks,https://www.reddit.com/r/comicbooks,1229659,
comedyheaven,https://www.reddit.com/r/comedyheaven,1225071,
worldpolitics,https://www.reddit.com/r/worldpolitics,1221417,
ATBGE,https://www.reddit.com/r/ATBGE,1221335,
ProgrammerHumor,https://www.reddit.com/r/ProgrammerHumor,1216877,
thatHappened,https://www.reddit.com/r/thatHappened,1214849,
hardware,https://www.reddit.com/r/hardware,1208099,
WeAreTheMusicMakers,https://www.reddit.com/r/WeAreTheMusicMakers,1205435,
breakingbad,https://www.reddit.com/r/breakingbad,1196086,
niceguys,https://www.reddit.com/r/niceguys,1195108,
AskHistorians,https://www.reddit.com/r/AskHistorians,1190766,
math,https://www.reddit.com/r/math,1188612,
ThriftStoreHauls,https://www.reddit.com/r/ThriftStoreHauls,1186626,
ArtefactPorn,https://www.reddit.com/r/ArtefactPorn,1177152,
PUBATTLEGROUNDS,https://www.reddit.com/r/PUBATTLEGROUNDS,1175157,
BustyPetite,https://www.reddit.com/r/BustyPetite,1167853,
cringe,https://www.reddit.com/r/cringe,1164123,
SkincareAddiction,https://www.reddit.com/r/SkincareAddiction,1160528,
hacking,https://www.reddit.com/r/hacking,1160412,
MMA,https://www.reddit.com/r/MMA,1157487,
progresspics,https://www.reddit.com/r/progresspics,1154146,
4chan,https://www.reddit.com/r/4chan,1154118,
manga,https://www.reddit.com/r/manga,1152756,
Graffiti,https://www.reddit.com/r/Graffiti,1148093,
HomeImprovement,https://www.reddit.com/r/HomeImprovement,1134889,
nasa,https://www.reddit.com/r/nasa,1130130,
crafts,https://www.reddit.com/r/crafts,1125366,
freefolk,https://www.reddit.com/r/freefolk,1122747,
Rainbow6,https://www.reddit.com/r/Rainbow6,1119228,
GlobalOffensive,https://www.reddit.com/r/GlobalOffensive,1117444,
ShittyLifeProTips,https://www.reddit.com/r/ShittyLifeProTips,1101386,
MachineLearning,https://www.reddit.com/r/MachineLearning,1098702,
homestead,https://www.reddit.com/r/homestead,1097553,
CatastrophicFailure,https://www.reddit.com/r/CatastrophicFailure,1095187,
spaceporn,https://www.reddit.com/r/spaceporn,1090904,
marvelstudios,https://www.reddit.com/r/marvelstudios,1076670,
investing,https://www.reddit.com/r/investing,1073231,
technicallythetruth,https://www.reddit.com/r/technicallythetruth,1068745,
Watches,https://www.reddit.com/r/Watches,1060632,
astrophotography,https://www.reddit.com/r/astrophotography,1059725,
insaneparents,https://www.reddit.com/r/insaneparents,1057342,
changemyview,https://www.reddit.com/r/changemyview,1050711,
CampingandHiking,https://www.reddit.com/r/CampingandHiking,1049560,
UnresolvedMysteries,https://www.reddit.com/r/UnresolvedMysteries,1046174,
iamatotalpieceofshit,https://www.reddit.com/r/iamatotalpieceofshit,1042609,
toptalent,https://www.reddit.com/r/toptalent,1042573,
meme,https://www.reddit.com/r/meme,1040613,
DiWHY,https://www.reddit.com/r/DiWHY,1039084,
Metal,https://www.reddit.com/r/Metal,1038897,
CryptoCurrency,https://www.reddit.com/r/CryptoCurrency,1036133,
AbandonedPorn,https://www.reddit.com/r/AbandonedPorn,1036123,
chemistry,https://www.reddit.com/r/chemistry,1029906,
southpark,https://www.reddit.com/r/southpark,1027705,
rpg,https://www.reddit.com/r/rpg,1020616,
childfree,https://www.reddit.com/r/childfree,1019673,
hockey,https://www.reddit.com/r/hockey,1015095,
carporn,https://www.reddit.com/r/carporn,1013973,
Health,https://www.reddit.com/r/Health,1007872,
bodybuilding,https://www.reddit.com/r/bodybuilding,1003250,
PoliticalHumor,https://www.reddit.com/r/PoliticalHumor,1000299,
gifsthatkeepongiving,https://www.reddit.com/r/gifsthatkeepongiving,998444,
TIHI,https://www.reddit.com/r/TIHI,990285,
solotravel,https://www.reddit.com/r/solotravel,990158,
hentai,https://www.reddit.com/r/hentai,988517,
maybemaybemaybe,https://www.reddit.com/r/maybemaybemaybe,986966,
Filmmakers,https://www.reddit.com/r/Filmmakers,986453,
google,https://www.reddit.com/r/google,985616,
apexlegends,https://www.reddit.com/r/apexlegends,982137,
MapPorn,https://www.reddit.com/r/MapPorn,981820,
KerbalSpaceProgram,https://www.reddit.com/r/KerbalSpaceProgram,971720,
javascript,https://www.reddit.com/r/javascript,970146,
softwaregore,https://www.reddit.com/r/softwaregore,966730,
classicalmusic,https://www.reddit.com/r/classicalmusic,965702,
iamverybadass,https://www.reddit.com/r/iamverybadass,964635,
suggestmeabook,https://www.reddit.com/r/suggestmeabook,961815,
EDM,https://www.reddit.com/r/EDM,960075,
hiking,https://www.reddit.com/r/hiking,959733,
DesignPorn,https://www.reddit.com/r/DesignPorn,959717,
self,https://www.reddit.com/r/self,959543,
running,https://www.reddit.com/r/running,958155,
powerwashingporn,https://www.reddit.com/r/powerwashingporn,953463,
formula1,https://www.reddit.com/r/formula1,951217,
techsupport,https://www.reddit.com/r/techsupport,950173,
OopsDidntMeanTo,https://www.reddit.com/r/OopsDidntMeanTo,937521,
audiophile,https://www.reddit.com/r/audiophile,935379,
somethingimade,https://www.reddit.com/r/somethingimade,932945,
Fantasy,https://www.reddit.com/r/Fantasy,926957,
SweatyPalms,https://www.reddit.com/r/SweatyPalms,925274,
motorcycles,https://www.reddit.com/r/motorcycles,924474,
awfuleverything,https://www.reddit.com/r/awfuleverything,919886,
porn,https://www.reddit.com/r/porn,919482,
Justrolledintotheshop,https://www.reddit.com/r/Justrolledintotheshop,916198,
AsianBeauty,https://www.reddit.com/r/AsianBeauty,913223,
WinStupidPrizes,https://www.reddit.com/r/WinStupidPrizes,909626,
ANormalDayInRussia,https://www.reddit.com/r/ANormalDayInRussia,908409,
nutrition,https://www.reddit.com/r/nutrition,906384,
skyrim,https://www.reddit.com/r/skyrim,904681,
roadtrip,https://www.reddit.com/r/roadtrip,897483,
BoneAppleTea,https://www.reddit.com/r/BoneAppleTea,894095,
compsci,https://www.reddit.com/r/compsci,888070,
Animemes,https://www.reddit.com/r/Animemes,879818,
Bossfight,https://www.reddit.com/r/Bossfight,879414,
PornhubComments,https://www.reddit.com/r/PornhubComments,877718,
HolUp,https://www.reddit.com/r/HolUp,874352,
LivestreamFail,https://www.reddit.com/r/LivestreamFail,868767,
woooosh,https://www.reddit.com/r/woooosh,864298,
sadcringe,https://www.reddit.com/r/sadcringe,861970,
WhatsWrongWithYourDog,https://www.reddit.com/r/WhatsWrongWithYourDog,860750,
Steam,https://www.reddit.com/r/Steam,855777,
HealthyFood,https://www.reddit.com/r/HealthyFood,854371,
CFB,https://www.reddit.com/r/CFB,852901,
PoliticalDiscussion,https://www.reddit.com/r/PoliticalDiscussion,852271,
ComedyCemetery,https://www.reddit.com/r/ComedyCemetery,850901,
nononono,https://www.reddit.com/r/nononono,847484,
privacy,https://www.reddit.com/r/privacy,845664,
ass,https://www.reddit.com/r/ass,838805,
truegaming,https://www.reddit.com/r/truegaming,838018,
tumblr,https://www.reddit.com/r/tumblr,831267,
Survival,https://www.reddit.com/r/Survival,828744,
Economics,https://www.reddit.com/r/Economics,826571,
wiiu,https://www.reddit.com/r/wiiu,825272,
harrypotter,https://www.reddit.com/r/harrypotter,824609,
StartledCats,https://www.reddit.com/r/StartledCats,824310,
Cringetopia,https://www.reddit.com/r/Cringetopia,823807,
FreeEBOOKS,https://www.reddit.com/r/FreeEBOOKS,819088,
photocritique,https://www.reddit.com/r/photocritique,813009,
Instagramreality,https://www.reddit.com/r/Instagramreality,810067,
im14andthisisdeep,https://www.reddit.com/r/im14andthisisdeep,808625,
modernwarfare,https://www.reddit.com/r/modernwarfare,807236,
nostalgia,https://www.reddit.com/r/nostalgia,806252,
Shitty_Car_Mods,https://www.reddit.com/r/Shitty_Car_Mods,802672,
westworld,https://www.reddit.com/r/westworld,801998,
smashbros,https://www.reddit.com/r/smashbros,801965,
mealtimevideos,https://www.reddit.com/r/mealtimevideos,800245,
shittyaskscience,https://www.reddit.com/r/shittyaskscience,799829,
Zoomies,https://www.reddit.com/r/Zoomies,794864,
forbiddensnacks,https://www.reddit.com/r/forbiddensnacks,791691,
ADHD,https://www.reddit.com/r/ADHD,789659,
digitalnomad,https://www.reddit.com/r/digitalnomad,789571,
TrollXChromosomes,https://www.reddit.com/r/TrollXChromosomes,788518,
oddlyterrifying,https://www.reddit.com/r/oddlyterrifying,783930,
MachinePorn,https://www.reddit.com/r/MachinePorn,782681,
ksi,https://www.reddit.com/r/ksi,773161,
Homebrewing,https://www.reddit.com/r/Homebrewing,766036,
MakeMeSuffer,https://www.reddit.com/r/MakeMeSuffer,763997,
gatekeeping,https://www.reddit.com/r/gatekeeping,751182,
suspiciouslyspecific,https://www.reddit.com/r/suspiciouslyspecific,750703,
Entrepreneur,https://www.reddit.com/r/Entrepreneur,750493,
Twitch,https://www.reddit.com/r/Twitch,748896,
BuyItForLife,https://www.reddit.com/r/BuyItForLife,748737,
Poetry,https://www.reddit.com/r/Poetry,746652,
HydroHomies,https://www.reddit.com/r/HydroHomies,746613,
financialindependence,https://www.reddit.com/r/financialindependence,743952,
Boxing,https://www.reddit.com/r/Boxing,740547,
FellowKids,https://www.reddit.com/r/FellowKids,736654,
snowboarding,https://www.reddit.com/r/snowboarding,736019,
3DS,https://www.reddit.com/r/3DS,727430,
Justfuckmyshitup,https://www.reddit.com/r/Justfuckmyshitup,723141,
freebies,https://www.reddit.com/r/freebies,722921,
yesyesyesno,https://www.reddit.com/r/yesyesyesno,719030,
vandwellers,https://www.reddit.com/r/vandwellers,719018,
perfectlycutscreams,https://www.reddit.com/r/perfectlycutscreams,716564,
Screenwriting,https://www.reddit.com/r/Screenwriting,715854,
AbsoluteUnits,https://www.reddit.com/r/AbsoluteUnits,715716,
OSHA,https://www.reddit.com/r/OSHA,713310,
skiing,https://www.reddit.com/r/skiing,712475,
confessions,https://www.reddit.com/r/confessions,711160,
AccidentalRenaissance,https://www.reddit.com/r/AccidentalRenaissance,710350,
terriblefacebookmemes,https://www.reddit.com/r/terriblefacebookmemes,706603,
RocketLeague,https://www.reddit.com/r/RocketLeague,704868,
justneckbeardthings,https://www.reddit.com/r/justneckbeardthings,703061,
asoiaf,https://www.reddit.com/r/asoiaf,702454,
familyguy,https://www.reddit.com/r/familyguy,701354,
AbruptChaos,https://www.reddit.com/r/AbruptChaos,699726,
stocks,https://www.reddit.com/r/stocks,699563,
Fallout,https://www.reddit.com/r/Fallout,695881,
teslamotors,https://www.reddit.com/r/teslamotors,695668,
reddeadredemption,https://www.reddit.com/r/reddeadredemption,695454,
BrandNewSentence,https://www.reddit.com/r/BrandNewSentence,692693,
ofcoursethatsathing,https://www.reddit.com/r/ofcoursethatsathing,691565,
witcher,https://www.reddit.com/r/witcher,691521,
JusticePorn,https://www.reddit.com/r/JusticePorn,689772,
DotA2,https://www.reddit.com/r/DotA2,689557,
homeautomation,https://www.reddit.com/r/homeautomation,689005,
Drugs,https://www.reddit.com/r/Drugs,685533,
bicycling,https://www.reddit.com/r/bicycling,683690,
Marvel,https://www.reddit.com/r/Marvel,682500,
environment,https://www.reddit.com/r/environment,681073,
celebnsfw,https://www.reddit.com/r/celebnsfw,680262,
buildapcsales,https://www.reddit.com/r/buildapcsales,677813,
canada,https://www.reddit.com/r/canada,675822,
intermittentfasting,https://www.reddit.com/r/intermittentfasting,674530,
gtaonline,https://www.reddit.com/r/gtaonline,672352,
dogswithjobs,https://www.reddit.com/r/dogswithjobs,671528,
FloridaMan,https://www.reddit.com/r/FloridaMan,671506,
DidntKnowIWantedThat,https://www.reddit.com/r/DidntKnowIWantedThat,668884,
youngpeopleyoutube,https://www.reddit.com/r/youngpeopleyoutube,667017,
FunnyandSad,https://www.reddit.com/r/FunnyandSad,665929,
climbing,https://www.reddit.com/r/climbing,664631,
copypasta,https://www.reddit.com/r/copypasta,664000,
FuckYouKaren,https://www.reddit.com/r/FuckYouKaren,663454,
dontputyourdickinthat,https://www.reddit.com/r/dontputyourdickinthat,661422,
thalassophobia,https://www.reddit.com/r/thalassophobia,660538,
Nicegirls,https://www.reddit.com/r/Nicegirls,659985,
vagabond,https://www.reddit.com/r/vagabond,650410,
futurama,https://www.reddit.com/r/futurama,648771,
MostBeautiful,https://www.reddit.com/r/MostBeautiful,646039,
psychology,https://www.reddit.com/r/psychology,645470,
depression,https://www.reddit.com/r/depression,645405,
lotrmemes,https://www.reddit.com/r/lotrmemes,642539,
CrazyIdeas,https://www.reddit.com/r/CrazyIdeas,639845,
FanTheories,https://www.reddit.com/r/FanTheories,638560,
boottoobig,https://www.reddit.com/r/boottoobig,635099,
antiMLM,https://www.reddit.com/r/antiMLM,632732,
ThatsInsane,https://www.reddit.com/r/ThatsInsane,628236,
Fishing,https://www.reddit.com/r/Fishing,627683,
ShitPostCrusaders,https://www.reddit.com/r/ShitPostCrusaders,625418,
NoFap,https://www.reddit.com/r/NoFap,623888,
WeWantPlates,https://www.reddit.com/r/WeWantPlates,621722,
TheLastAirbender,https://www.reddit.com/r/TheLastAirbender,619475,
SubredditDrama,https://www.reddit.com/r/SubredditDrama,619159,
aviation,https://www.reddit.com/r/aviation,619022,
StardewValley,https://www.reddit.com/r/StardewValley,612610,
clevercomebacks,https://www.reddit.com/r/clevercomebacks,610020,
MechanicalKeyboards,https://www.reddit.com/r/MechanicalKeyboards,608580,
TrueOffMyChest,https://www.reddit.com/r/TrueOffMyChest,607692,
theydidthemath,https://www.reddit.com/r/theydidthemath,598256,
Guitar,https://www.reddit.com/r/Guitar,597898,
lego,https://www.reddit.com/r/lego,597799,
tippytaps,https://www.reddit.com/r/tippytaps,596581,
Python,https://www.reddit.com/r/Python,595969,
SuddenlyGay,https://www.reddit.com/r/SuddenlyGay,588560,
getdisciplined,https://www.reddit.com/r/getdisciplined,588395,
raisedbynarcissists,https://www.reddit.com/r/raisedbynarcissists,587935,
geek,https://www.reddit.com/r/geek,585869,
IASIP,https://www.reddit.com/r/IASIP,579661,
EngineeringPorn,https://www.reddit.com/r/EngineeringPorn,579333,
wallpapers,https://www.reddit.com/r/wallpapers,576659,
StrangerThings,https://www.reddit.com/r/StrangerThings,576046,
CityPorn,https://www.reddit.com/r/CityPorn,573798,
Breath_of_the_Wild,https://www.reddit.com/r/Breath_of_the_Wild,571426,
Memes_Of_The_Dank,https://www.reddit.com/r/Memes_Of_The_Dank,566678,
worldbuilding,https://www.reddit.com/r/worldbuilding,564368,
chemicalreactiongifs,https://www.reddit.com/r/chemicalreactiongifs,559637,
fantasyfootball,https://www.reddit.com/r/fantasyfootball,559501,
guns,https://www.reddit.com/r/guns,555691,
CasualUK,https://www.reddit.com/r/CasualUK,555589,
business,https://www.reddit.com/r/business,555530,
JoeRogan,https://www.reddit.com/r/JoeRogan,554358,
agedlikemilk,https://www.reddit.com/r/agedlikemilk,554316,
AMA,https://www.reddit.com/r/AMA,549609,
Piracy,https://www.reddit.com/r/Piracy,543905,
offbeat,https://www.reddit.com/r/offbeat,540006,
brooklynninenine,https://www.reddit.com/r/brooklynninenine,539407,
LateStageCapitalism,https://www.reddit.com/r/LateStageCapitalism,539379,
jailbreak,https://www.reddit.com/r/jailbreak,537825,
discordapp,https://www.reddit.com/r/discordapp,536164,
Patriots,https://www.reddit.com/r/Patriots,535250,
CatsStandingUp,https://www.reddit.com/r/CatsStandingUp,534170,
linux,https://www.reddit.com/r/linux,532170,
dndmemes,https://www.reddit.com/r/dndmemes,529146,
indianpeoplefacebook,https://www.reddit.com/r/indianpeoplefacebook,526341,
lgbt,https://www.reddit.com/r/lgbt,514339,
